"err","err.alpha"
0.376044109526480,0.320731645004507
