"err","err.alpha"
0.375333054337787,0.322208785022251
