1d-ssa,toeplitz
0.121616487067476,0.102829172067554
0.119478619079649,0.099755716703665
0.119185996091593,0.101623302785239
0.120687690517141,0.107480262771476
0.120351379765345,0.113553178547669
0.11965686585724,0.119945814297859
0.118195043457392,0.130954870862091
0.121939985520978,0.146554268572852
0.118254608291341,0.16008338776148
0.120161755857277,0.184426316629445
0.118443692483791,0.20782320343959
